name,email,timezone
Person 001,person001@example.com,America/Denver
Person 002,person002@example.com,America/Los_Angeles
Person 003,person003@example.com,America/Chicago
Person 004,person004@example.com,America/New_York
Person 005,person005@example.com,America/Toronto
Person 006,person006@example.com,Europe/London
Person 007,person007@example.com,Europe/London
Person 008,person008@example.com,Europe/Berlin
Person 009,person009@example.com,Europe/Berlin
Person 010,person010@example.com,Europe/Paris
Person 011,person011@example.com,Europe/Paris
Person 012,person012@example.com,Europe/Amsterdam
Person 013,person013@example.com,Europe/Madrid
Person 014,person014@example.com,Europe/Rome
Person 015,person015@example.com,Europe/Zurich
Person 016,person016@example.com,Africa/Johannesburg
Person 017,person017@example.com,Asia/Dubai
Person 018,person018@example.com,Asia/Kolkata
Person 019,person019@example.com,Asia/Singapore
Person 020,person020@example.com,Asia/Tokyo
